name,url,team
Susannah Anderson,https://bceagles.com//images/2023/1/19/QUA_8518.jpg?width=80&quality=90,Boston College
Maddy Carpe,https://bceagles.com//images/2023/1/19/QUA_8523.jpg?width=80&quality=90,Boston College
Abby Dunning,https://bceagles.com//images/2023/1/19/QUA_8804.jpg?width=80&quality=90,Boston College
Zoe Hines,https://bceagles.com//images/2023/1/19/QUA_8381.jpg?width=80&quality=90,Boston College
Kali Case,https://bceagles.com//images/2023/1/19/QUA_8697.jpg?width=80&quality=90,Boston College
Abigail Knight,https://bceagles.com//images/2023/1/19/QUA_8692.jpg?width=80&quality=90,Boston College
Gianna Sarlo,https://bceagles.com//images/2023/1/19/QUA_9208.jpg?width=80&quality=90,Boston College
Darien Mcdonough. ,https://bceagles.com//images/2023/1/19/QUA_8799.jpg?width=80&quality=90,Boston College
DJ Valido,https://bceagles.com//images/2023/1/23/QUA_8585.jpg?width=80&quality=90,Boston College
Alexis Dale,https://bceagles.com//images/2023/1/23/QUA_8515.jpg?width=80&quality=90,Boston College
Mia Bueno,https://bceagles.com//images/2023/1/23/QUA_8997.jpg?width=80&quality=90,Boston College
Gabrielle Aughton,https://bceagles.com//images/2023/1/23/QUA_8994.jpg?width=80&quality=90,Boston College
Kamryn Warman,https://bceagles.com//images/2023/1/23/QUA_9000.jpg?width=80&quality=90,Boston College
Megan Schouten,https://bceagles.com//images/2023/1/23/QUA_8801.jpg?width=80&quality=90,Boston College
Hannah Slike,https://bceagles.com//images/2023/1/23/QUA_8522.jpg?width=80&quality=90,Boston College
Halie Pappion,https://bceagles.com//images/2023/1/23/QUA_8512.jpg?width=80&quality=90,Boston College
Elisabeth Laviolette,https://bceagles.com//images/2023/1/23/QUA_8370.jpg?width=80&quality=90,Boston College
Maycee Hilt,https://bceagles.com//images/2023/1/23/QUA_8862.jpg?width=80&quality=90,Boston College
Sofia Earle,https://bceagles.com//images/2023/1/23/QUA_8646.jpg?width=80&quality=90,Boston College
Nicole Giery,https://bceagles.com//images/2023/1/23/QUA_8980.jpg?width=80&quality=90,Boston College
AJ Alatorre,https://bceagles.com//images/2023/1/23/QUA_8694.jpg?width=80&quality=90,Boston College
Erika Andal,https://bceagles.com//images/2023/1/23/QUA_9257.jpg?width=80&quality=90,Boston College
Aleyah Terrell,https://bceagles.com//images/2023/1/23/QUA_8861.jpg?width=80&quality=90,Boston College
Marena Knowles,https://clemsontigers.com/wp-content/uploads/2022/10/KnowlesMarena-745x1024.png,Clemson
Rachel Gibson,https://clemsontigers.com/wp-content/uploads/2022/10/GibsonRachel-745x1024.png,Clemson
Brooke McCubbin,https://clemsontigers.com/wp-content/uploads/2022/10/McCubbinBrooke-745x1024.png,Clemson
Reedy Davenport,https://clemsontigers.com/wp-content/uploads/2022/10/DavenportReedy-745x1024.png,Clemson
Aby Vieira,https://clemsontigers.com/wp-content/uploads/2022/10/VieiraAby-745x1024.png,Clemson
Ansley Houston,https://clemsontigers.com/wp-content/uploads/2022/10/HoustonAnsley-745x1024.png,Clemson
Julia Bomhardt,https://clemsontigers.com/wp-content/uploads/2022/10/BomhardtJulia-745x1024.png,Clemson
McKenzie Clark,https://clemsontigers.com/wp-content/uploads/2022/10/ClarkMcKenzie-745x1024.png,Clemson
Grace Hiller,https://clemsontigers.com/wp-content/uploads/2022/10/HillerGrace-745x1024.png,Clemson
Sarah Howell,https://clemsontigers.com/wp-content/uploads/2022/10/HowellSarah-745x1024.png,Clemson
Caroline Jacobsen,https://clemsontigers.com/wp-content/uploads/2022/10/JacobsenCaroline-745x1024.png,Clemson
Haylee Whitesides,https://clemsontigers.com/wp-content/uploads/2022/10/WhitesidesHaylee-745x1024.png,Clemson
Abi Stuart,https://clemsontigers.com/wp-content/uploads/2022/10/StuartAbi-745x1024.png,Clemson
Madison May,https://clemsontigers.com/wp-content/uploads/2022/10/MayMadison-745x1024.png,Clemson
Alia Logoleo,https://clemsontigers.com/wp-content/uploads/2022/10/LogoleoAlia-745x1024.png,Clemson
Ally Miklesh,https://clemsontigers.com/wp-content/uploads/2022/10/MikleshAlly-745x1024.png,Clemson
Regan Spencer,https://clemsontigers.com/wp-content/uploads/2022/10/SpencerRegan-745x1024.png,Clemson
Jadeyn Ruszkowski,https://clemsontigers.com/wp-content/uploads/2022/10/RuszkowskiJadeyn-745x1024.png,Clemson
JoJo Hyatt,https://clemsontigers.com/wp-content/uploads/2022/10/HyattJoJo-745x1024.png,Clemson
Arielle Oda,https://clemsontigers.com/wp-content/uploads/2022/10/OdaArielle-745x1024.png,Clemson
Maddie Moore,https://clemsontigers.com/wp-content/uploads/2022/10/MooreMaddie-745x1024.png,Clemson
Morgan Johnson,https://clemsontigers.com/wp-content/uploads/2022/10/JohnsonMorgan-745x1024.png,Clemson
Kyah Keller,https://clemsontigers.com/wp-content/uploads/2022/10/KellerKyah-745x1024.png,Clemson
Valerie Cagle,https://clemsontigers.com/wp-content/uploads/2022/10/CagleValerie-745x1024.png,Clemson
Sophie Garner-MacKinnon,https://d3cin4duo2vkym.cloudfront.net/images/2022/10/31/Garner_MacKinnon_Sophie.jpg?width=80&quality=90,Duke
Kelly Torres,https://d3cin4duo2vkym.cloudfront.net/images/2022/10/31/Torres_Kelly.jpg?width=80&quality=90,Duke
Ana Gold,https://d3cin4duo2vkym.cloudfront.net/images/2022/10/31/Gold_Ana.jpg?width=80&quality=90,Duke
Claire Davidson,https://d3cin4duo2vkym.cloudfront.net/images/2022/10/31/Davidson_Claire.jpg?width=80&quality=90,Duke
Kamryn Jackson,https://d3cin4duo2vkym.cloudfront.net/images/2022/10/31/Jackson_Kamryn.jpg?width=80&quality=90,Duke
D'Auna Jennings,https://d3cin4duo2vkym.cloudfront.net/images/2022/10/31/Jennings_D_Auna.jpg?width=80&quality=90,Duke
Kelsey Zampa,https://d3cin4duo2vkym.cloudfront.net/images/2022/10/31/Zampa__Kelsey.jpg?width=80&quality=90,Duke
Francesca Frelick,https://d3cin4duo2vkym.cloudfront.net/images/2022/10/31/Frelick_Francesca.jpg?width=80&quality=90,Duke
Jala Wright,https://d3cin4duo2vkym.cloudfront.net/images/2022/10/31/Wright_Jala.jpg?width=80&quality=90,Duke
Lillie Walker,https://d3cin4duo2vkym.cloudfront.net/images/2022/10/31/Walker_Lillie.jpg?width=80&quality=90,Duke
Deja Davis,https://d3cin4duo2vkym.cloudfront.net/images/2022/10/31/Davis_Deja.jpg?width=80&quality=90,Duke
Aminah Vega,https://d3cin4duo2vkym.cloudfront.net/images/2022/10/31/Vega_Aminah.jpg?width=80&quality=90,Duke
Kennedy Barron,https://d3cin4duo2vkym.cloudfront.net/images/2022/10/31/Barron_Kennedy.jpg?width=80&quality=90,Duke
Cassidy Curd,https://d3cin4duo2vkym.cloudfront.net/images/2022/10/31/Curd_Cassidy.jpg?width=80&quality=90,Duke
Julia Boyet,https://d3cin4duo2vkym.cloudfront.net/images/2022/10/31/Boyet_Julia.jpg?width=80&quality=90,Duke
Sarah Goddard,https://d3cin4duo2vkym.cloudfront.net/images/2022/10/31/Goddard_Sarah.jpg?width=80&quality=90,Duke
Jada Baker,https://d3cin4duo2vkym.cloudfront.net/images/2022/10/31/Baker_Jada.jpg?width=80&quality=90,Duke
Gisele Tapia,https://d3cin4duo2vkym.cloudfront.net/images/2022/10/31/Tapia_Gisele.jpg?width=80&quality=90,Duke
Kristiana Watson,https://d3cin4duo2vkym.cloudfront.net/images/2022/10/31/Watson_Kristiana.jpg?width=80&quality=90,Duke
Kairi Rodriguez,https://d3cin4duo2vkym.cloudfront.net/images/2022/10/31/Rodriguez_Kairi.jpg?width=80&quality=90,Duke
Bethaney Keen,https://seminoles.com/wp-content/uploads/2022/09/Keen-Bethaney-22-174RL-319-819x1024.jpg,Florida State
Hallie Wacaser,https://seminoles.com/wp-content/uploads/2022/09/Wacaser-Hallie-22-174RL-162-819x1024.jpg,Florida State
Jahni Kerr,https://seminoles.com/wp-content/uploads/2022/09/Kerr-Jahni-22-175RL-299-819x1024.jpg,Florida State
Allison Royalty,https://seminoles.com/wp-content/uploads/2022/09/Royalty-Allison-22-175RL-411-819x1024.jpg,Florida State
Kaley Mudge,https://seminoles.com/wp-content/uploads/2022/09/Mudge-Kaley-22-175RL-392-819x1024.jpg,Florida State
Kalei Harding,https://seminoles.com/wp-content/uploads/2020/08/Harding-Kalei-819x1024.jpg,Florida State
Devyn Flaherty,https://seminoles.com/wp-content/uploads/2022/09/Flaherty-Devyn-22-175RL-216-819x1024.jpg,Florida State
Josie Muffley,https://seminoles.com/wp-content/uploads/2022/09/Muffley-Josie-22-175RL-403-819x1024.jpg,Florida State
Amaya Ross,https://seminoles.com/wp-content/uploads/2022/09/Ross-Amaya-22-175RL-061-819x1024.jpg,Florida State
Mack Leonard,https://seminoles.com/wp-content/uploads/2021/09/Mack-Leonard-1-819x1024.jpg,Florida State
Autumn Belviy,https://seminoles.com/wp-content/uploads/2022/09/Belviy-Autumn-22-174RL-145-819x1024.jpg,Florida State
Ali DuBois,https://seminoles.com/wp-content/uploads/2022/09/Dubois-Ali-22-175RL-306-819x1024.jpg,Florida State
Emma Wilson,https://seminoles.com/wp-content/uploads/2019/09/Wilson-Emma-22-175RL-223-819x1024.jpg,Florida State
Kaia LoPreste,https://seminoles.com/wp-content/uploads/2022/09/LoPreste-Kaia-22-175RL-322-819x1024.jpg,Florida State
Madi Balk,https://seminoles.com/wp-content/uploads/2022/09/Balk-Madison-22-174RL-230-819x1024.jpg,Florida State
Madi Frey,https://seminoles.com/wp-content/uploads/2022/09/Frey-Madison-22-175RL-471-819x1024.jpg,Florida State
Krystina Hartley,https://seminoles.com/wp-content/uploads/2022/09/Hartley-Krystina-22-174RL-291-819x1024.jpg,Florida State
Avery Weisbrook,https://seminoles.com/wp-content/uploads/2022/09/Wisebrook-Avery-22-175RL-279-819x1024.jpg,Florida State
Makenna Reid,https://seminoles.com/wp-content/uploads/2022/09/Reid-Makenna-22-175RL-472-819x1024.jpg,Florida State
Kathryn Sandercock,https://seminoles.com/wp-content/uploads/2022/09/Sandercock-Katherine-22-174RL-311-819x1024.jpg,Florida State
Michaela Edenfield,https://seminoles.com/wp-content/uploads/2022/09/Edenfield-Michaela-22-175RL-407-819x1024.jpg,Florida State
Katie Dack,https://seminoles.com/wp-content/uploads/2023/01/Dack-Katie-23-006RL-028-819x1024.jpg,Florida State
Ella Edgmon,https://ramblinwreck.com/imgproxy/Vq6r7GdvXP1-QHHbFLD1dKk2fpNb6J1JTpD1HApP2gk/fit/2500/2500/ce/0/aHR0cHM6Ly9yYW1ibGlud3JlY2suY29tL3dwLWNvbnRlbnQvdXBsb2Fkcy8yMDIzLzAxL0VsbGEtRWRnbW9uLWNyb3AtaHMucG5n.png,Georgia Tech
Grace Connelly,https://ramblinwreck.com/imgproxy/rY3CPG3vW5_Hd5nbASSiKbWikT7gm2bmUVFoOYCOGvE/fit/2500/2500/ce/0/aHR0cHM6Ly9yYW1ibGlud3JlY2suY29tL3dwLWNvbnRlbnQvdXBsb2Fkcy8yMDIzLzAxL0dyYWNlLUNvbm5lbGx5LWNyb3AtaHMucG5n.png,Georgia Tech
Jayden Gailey,https://ramblinwreck.com/imgproxy/EBT7j2Vz2RqLK6tzREApR1osu0BI0v01NHnmgN-FQPM/fit/2500/2500/ce/0/aHR0cHM6Ly9yYW1ibGlud3JlY2suY29tL3dwLWNvbnRlbnQvdXBsb2Fkcy8yMDIzLzAxL0pheWRlbi1HYWlsZXktY3JvcC1ocy5wbmc.png,Georgia Tech
Auburn Dupree,https://ramblinwreck.com/imgproxy/oLSyGiOc13D8mTBUQ7baFndTUtwlJJpS-SfBIAAhnN8/fit/2500/2500/ce/0/aHR0cHM6Ly9yYW1ibGlud3JlY2suY29tL3dwLWNvbnRlbnQvdXBsb2Fkcy8yMDIzLzAxL0F1YnVybi1EdXByZWUtY3JvcC1ocy5wbmc.png,Georgia Tech
Jin Sileo,https://ramblinwreck.com/imgproxy/yR18nTdlGAGucqG8G10krFt2gQBX5_CaTRkyug9FXxI/fit/2500/2500/ce/0/aHR0cHM6Ly9yYW1ibGlud3JlY2suY29tL3dwLWNvbnRlbnQvdXBsb2Fkcy8yMDIzLzAxL0ppbi1TaWxlby1jcm9wLWhzLnBuZw.png,Georgia Tech
Blake Neleman,https://ramblinwreck.com/imgproxy/uWuiR_6yqQCb-ePwk-Ts2kxoDKXG2zK7uTXSKZpUgLQ/fit/2500/2500/ce/0/aHR0cHM6Ly9yYW1ibGlud3JlY2suY29tL3dwLWNvbnRlbnQvdXBsb2Fkcy8yMDIzLzAxL0JsYWtlLU5lbGVtYW4tY3JvcC1ocy5wbmc.png,Georgia Tech
Meghan Cassidy,https://ramblinwreck.com/imgproxy/3eHVyFDzs6tEB78wO5Y0sh-zVubNXDCih9gP-mYDft8/fit/2500/2500/ce/0/aHR0cHM6Ly9yYW1ibGlud3JlY2suY29tL3dwLWNvbnRlbnQvdXBsb2Fkcy8yMDIzLzAxL01lZ2hhbi1DYXNzaWR5LWNyb3AtaHMucG5n.png,Georgia Tech
Mallorie Black,https://ramblinwreck.com/imgproxy/KzAaS1f8_piNlaqtKr-ldKKKO9fRswWUeVaB0z0l2l4/fit/2500/2500/ce/0/aHR0cHM6Ly9yYW1ibGlud3JlY2suY29tL3dwLWNvbnRlbnQvdXBsb2Fkcy8yMDIzLzAxL01hbGxvcmllLUJsYWNrLWNyb3AtaHMucG5n.png,Georgia Tech
Bailey Chapin,https://ramblinwreck.com/imgproxy/fOFBszRazfATVYIeLc2Rq_9NovzoVBwGWcARctPhiOM/fit/2500/2500/ce/0/aHR0cHM6Ly9yYW1ibGlud3JlY2suY29tL3dwLWNvbnRlbnQvdXBsb2Fkcy8yMDIzLzAxL0JhaWxleS1DaGFwaW4tY3JvcC1ocy5wbmc.png,Georgia Tech
Riain Keefe,https://ramblinwreck.com/imgproxy/hiC6u6HK2B7dHzHgKne1Bgb1FvwAyU2yVOUl7D8Vjvc/fit/2500/2500/ce/0/aHR0cHM6Ly9yYW1ibGlud3JlY2suY29tL3dwLWNvbnRlbnQvdXBsb2Fkcy8yMDIzLzAxL1JpYWluLUtlZWZlLWNyb3AtaHMucG5n.png,Georgia Tech
Caroline Davis,https://ramblinwreck.com/imgproxy/AbPFt3Bmog7KAyMvyUdrVS0htm0kIw_1YOOY_vavqsU/fit/2500/2500/ce/0/aHR0cHM6Ly9yYW1ibGlud3JlY2suY29tL3dwLWNvbnRlbnQvdXBsb2Fkcy8yMDIzLzAxL0Nhcm9saW5lLURhdmlzLWNyb3AtaHMucG5n.png,Georgia Tech
Sandra Beth Pritchett,https://ramblinwreck.com/imgproxy/fcA8p5NrzejBm3JR8cmQaS2H9MU8KBi578py5FNHJIk/fit/2500/2500/ce/0/aHR0cHM6Ly9yYW1ibGlud3JlY2suY29tL3dwLWNvbnRlbnQvdXBsb2Fkcy8yMDIzLzAxL1NhbmRyYS1CZXRoLVByaXRjaGV0dC1jcm9wLWhzLnBuZw.png,Georgia Tech
Abby Hughes,https://ramblinwreck.com/imgproxy/1ESj8CFVxOVFsTg766OKbvZsSKFJRAAjeeensOEPopo/fit/2500/2500/ce/0/aHR0cHM6Ly9yYW1ibGlud3JlY2suY29tL3dwLWNvbnRlbnQvdXBsb2Fkcy8yMDIzLzAxL0FiYnktSHVnaGVzLWNyb3AtaHMucG5n.png,Georgia Tech
Paige Vukadinovich,https://ramblinwreck.com/imgproxy/2g2kcQ_jlNyR-TtnHb3u7DcH2fQe7oV85Zgs7nHHDp0/fit/2500/2500/ce/0/aHR0cHM6Ly9yYW1ibGlud3JlY2suY29tL3dwLWNvbnRlbnQvdXBsb2Fkcy8yMDIzLzAxL1BhaWdlLVZ1a2FkaW5vdmljaC1jcm9wLWhzLnBuZw.png,Georgia Tech
Sara Beth Allen,https://ramblinwreck.com/imgproxy/YP18lzaMMEItJYWkLnAf54VCOstzSr3s7vsuut5ng4w/fit/2500/2500/ce/0/aHR0cHM6Ly9yYW1ibGlud3JlY2suY29tL3dwLWNvbnRlbnQvdXBsb2Fkcy8yMDIzLzAxL1NhcmEtQmV0aC1BbGxlbi1jcm9wLWhzLnBuZw.png,Georgia Tech
Madison Dobbins,https://ramblinwreck.com/imgproxy/DN-UyAsc7t5YRA8RS1Yes7rKS76vLuiuH5x3ihatBzg/fit/2500/2500/ce/0/aHR0cHM6Ly9yYW1ibGlud3JlY2suY29tL3dwLWNvbnRlbnQvdXBsb2Fkcy8yMDIzLzAxL01hZGlzb24tRG9iYmlucy1jcm9wLWhzLnBuZw.png,Georgia Tech
Reese Hunter,https://ramblinwreck.com/imgproxy/sDAyPhd0zFGDAPgRIi6LzSZpkPSimZWIjVsQIINnU_k/fit/2500/2500/ce/0/aHR0cHM6Ly9yYW1ibGlud3JlY2suY29tL3dwLWNvbnRlbnQvdXBsb2Fkcy8yMDIzLzAxL1JlZXNlLUh1bnRlci1jcm9wLWhzLnBuZw.png,Georgia Tech
Jaidyn Studebaker,https://ramblinwreck.com/imgproxy/kcjSaLTvuOqQ3g53PdCybFeXxjhEijffF3UwoYRU69c/fit/2500/2500/ce/0/aHR0cHM6Ly9yYW1ibGlud3JlY2suY29tL3dwLWNvbnRlbnQvdXBsb2Fkcy8yMDIzLzAxL0phaWR5bi1TdHVkZWJha2VyLWNyb3AtaHMucG5n.png,Georgia Tech
Kinsey Norton,https://ramblinwreck.com/imgproxy/4ULT9qij81H7XkOdajDgzWELGoJnb-GwIfSOjvwKOto/fit/2500/2500/ce/0/aHR0cHM6Ly9yYW1ibGlud3JlY2suY29tL3dwLWNvbnRlbnQvdXBsb2Fkcy8yMDIzLzAxL0tpbnNleS1Ob3J0b24tY3JvcC1ocy5wbmc.png,Georgia Tech
Emma Kauf,https://ramblinwreck.com/imgproxy/AAMUAQ1kI3wxkwkjemOtgBzV_3TldcLDA-0Q_YV5yiM/fit/2500/2500/ce/0/aHR0cHM6Ly9yYW1ibGlud3JlY2suY29tL3dwLWNvbnRlbnQvdXBsb2Fkcy8yMDIzLzAxL0VtbWEtS2F1Zi1jcm9wLWhzLnBuZw.png,Georgia Tech
Emma Minghini,https://ramblinwreck.com/imgproxy/xwusXx65xBUiCKn4l-dzJbMGCbUpeWGlVlo7mASdBTg/fit/2500/2500/ce/0/aHR0cHM6Ly9yYW1ibGlud3JlY2suY29tL3dwLWNvbnRlbnQvdXBsb2Fkcy8yMDIzLzAxL0VtbWEtTWluZ2hpbmktY3JvcC1ocy5wbmc.png,Georgia Tech
Chandler Dennis,https://ramblinwreck.com/imgproxy/PrI4NHG6rnryiNkxl-IJRbgt0yo2RNhuMHu9ESrn2Qc/fit/2500/2500/ce/0/aHR0cHM6Ly9yYW1ibGlud3JlY2suY29tL3dwLWNvbnRlbnQvdXBsb2Fkcy8yMDIzLzAxL0NoYW5kbGVyLURlbm5pcy1jcm9wLWhzLnBuZw.png,Georgia Tech
Nadia Sykes,https://d1qkubt1nbt8w1.cloudfront.net/images/2022/9/11/1.png?width=80&quality=90,NC State
Amanda Hasler,https://d1qkubt1nbt8w1.cloudfront.net/images/2022/9/11/3.png?width=80&quality=90,NC State
Haley Haislip,https://d1qkubt1nbt8w1.cloudfront.net/images/2022/9/11/5.png?width=80&quality=90,NC State
Wynne Gore,https://d1qkubt1nbt8w1.cloudfront.net/images/2022/9/11/7.png?width=80&quality=90,NC State
Michele Tarpey,https://d1qkubt1nbt8w1.cloudfront.net/images/2022/9/11/8.png?width=80&quality=90,NC State
Ellie Goins,https://d1qkubt1nbt8w1.cloudfront.net/images/2022/9/11/10.png?width=80&quality=90,NC State
Libby Whittaker,https://d1qkubt1nbt8w1.cloudfront.net/images/2022/9/11/11.png?width=80&quality=90,NC State
13,https://d1qkubt1nbt8w1.cloudfront.net/images/2022/9/11/13.png?width=80&quality=90,NC State
Kaylee Lambrecht,https://d1qkubt1nbt8w1.cloudfront.net/images/2022/9/11/15.png?width=80&quality=90,NC State
MaKayla Marbury,https://d1qkubt1nbt8w1.cloudfront.net/images/2022/9/11/20.png?width=80&quality=90,NC State
Madison Inscoe,https://d1qkubt1nbt8w1.cloudfront.net/images/2022/9/11/21.png?width=80&quality=90,NC State
Rylee Wyman,https://d1qkubt1nbt8w1.cloudfront.net/images/2022/9/11/22.png?width=80&quality=90,NC State
Aisha Weixlmann,https://d1qkubt1nbt8w1.cloudfront.net/images/2022/9/11/24.png?width=80&quality=90,NC State
Katlyn Pavlick,https://d1qkubt1nbt8w1.cloudfront.net/images/2022/9/11/27.png?width=80&quality=90,NC State
Alaina Smith,https://d1qkubt1nbt8w1.cloudfront.net/images/2022/9/11/33.png?width=80&quality=90,NC State
Gracie Roberts,https://d1qkubt1nbt8w1.cloudfront.net/images/2022/9/11/35.png?width=80&quality=90,NC State
Rebecca Murray,https://d1qkubt1nbt8w1.cloudfront.net/images/2022/9/11/42.png?width=80&quality=90,NC State
Taylor Ensley,https://d1qkubt1nbt8w1.cloudfront.net/images/2022/9/11/44.png?width=80&quality=90,NC State
Bailey Edwards,https://d1qkubt1nbt8w1.cloudfront.net/images/2022/9/11/51.png?width=80&quality=90,NC State
Hannah Goodwin,https://d1qkubt1nbt8w1.cloudfront.net/images/2022/9/11/77.png?width=80&quality=90,NC State
Brooklyn Lucero,https://d1qkubt1nbt8w1.cloudfront.net/images/2022/9/11/99.png?width=80&quality=90,NC State
Kiersten Licea ,https://d141rwalb2fvgk.cloudfront.net/images/2022/10/6/Licea_Kiersten_sb_81.jpg?width=80&quality=90,UNC
Carsyn Snead ,https://d141rwalb2fvgk.cloudfront.net/images/2022/10/6/Snead_Carsyn_sb_127.jpg?width=80&quality=90,UNC
Regan Weisner,https://d141rwalb2fvgk.cloudfront.net/images/2022/10/6/Weisner_Regan_sb_120.JPG?width=80&quality=90,UNC
Alex Brown ,https://d141rwalb2fvgk.cloudfront.net/images/2022/10/6/Brown_Alex_sb_86.jpg?width=80&quality=90,UNC
Caroline Fox,https://d141rwalb2fvgk.cloudfront.net/images/2022/10/6/Fox_Caroline_sb_89.JPG?width=80&quality=90,UNC
Shelby Sykora,https://d141rwalb2fvgk.cloudfront.net/images/2022/10/6/Sykora_Shelby_sb_123.JPG?width=80&quality=90,UNC
Lexi Godwin ,https://d141rwalb2fvgk.cloudfront.net/images/2022/10/6/Godwin_Lexi_sb_100.jpg?width=80&quality=90,UNC
Isabela Emerling ,https://d141rwalb2fvgk.cloudfront.net/images/2022/10/6/Emerling_Isabela_sb_54.jpg?width=80&quality=90,UNC
Kiannah Pierce ,https://d141rwalb2fvgk.cloudfront.net/images/2022/10/6/Pierce_Kiannah_sb_37.jpg?width=80&quality=90,UNC
Carlie Myrtle ,https://d141rwalb2fvgk.cloudfront.net/images/2022/10/6/Myrtle_Carlie_sb_113.jpg?width=80&quality=90,UNC
MaKenna Raye Dark,https://d141rwalb2fvgk.cloudfront.net/images/2022/10/6/Dark_MaKenna_Raye_sb_105.JPG?width=80&quality=90,UNC
Aneshia Jordan,https://d141rwalb2fvgk.cloudfront.net/images/2022/10/6/Jordan_Aneshia_sb_69.JPG?width=80&quality=90,UNC
Skyler Brooks ,https://d141rwalb2fvgk.cloudfront.net/images/2022/10/6/Brooks_Skyler_sb_15.jpg?width=80&quality=90,UNC
Bri Stubbs ,https://d141rwalb2fvgk.cloudfront.net/images/2022/10/6/Stubbs_Bri_sb_57.jpg?width=80&quality=90,UNC
Abby Settlemyre,https://d141rwalb2fvgk.cloudfront.net/images/2022/10/6/Settlemyre_Abby_sb_11.jpg?width=80&quality=90,UNC
Bailey McCachren ,https://d141rwalb2fvgk.cloudfront.net/images/2022/10/6/McCachren_Bailey_sb_154.JPG?width=80&quality=90,UNC
Gaby Katz ,https://d141rwalb2fvgk.cloudfront.net/images/2022/10/6/Katz_Gaby_sb_74.jpg?width=80&quality=90,UNC
Talia Hannappel,https://d141rwalb2fvgk.cloudfront.net/images/2022/10/6/Hannappel_Talia_sb_17.JPG?width=80&quality=90,UNC
Kianna Jones ,https://d141rwalb2fvgk.cloudfront.net/images/2022/10/6/Jones_Kianna_sb_145.jpg?width=80&quality=90,UNC
Destiny Middleton ,https://d141rwalb2fvgk.cloudfront.net/images/2022/10/6/Middleton_Destiny_sb_52.jpg?width=80&quality=90,UNC
Lilli Backes ,https://d141rwalb2fvgk.cloudfront.net/images/2022/10/6/Backes_Lilli_sb_63.jpg?width=80&quality=90,UNC
Julia Grobman,https://dra9kbpogvft0.cloudfront.net/images/2022/9/20/Grobman_Julia.png?width=80&quality=90,Pittsburgh
Kylie Griggs,https://dra9kbpogvft0.cloudfront.net/images/2022/9/20/Griggs_Kylie.png?width=80&quality=90,Pittsburgh
Haylie Brunson,https://dra9kbpogvft0.cloudfront.net/images/2022/9/20/Brunson_Haylie_dq32a.png?width=80&quality=90,Pittsburgh
Shelby Frazier,https://dra9kbpogvft0.cloudfront.net/images/2022/9/20/Frazier_Shelby.png?width=80&quality=90,Pittsburgh
Kat Rodriguez,https://dra9kbpogvft0.cloudfront.net/images/2022/9/20/Rodriguez_Kat.png?width=80&quality=90,Pittsburgh
Macy Hamilton,https://dra9kbpogvft0.cloudfront.net/images/2022/9/20/Hamilton_Macy.png?width=80&quality=90,Pittsburgh
EC Taylor,https://dra9kbpogvft0.cloudfront.net/images/2022/9/20/Taylor_EC.png?width=80&quality=90,Pittsburgh
Cami Compson,https://dra9kbpogvft0.cloudfront.net/images/2022/9/20/Compson_Cami.png?width=80&quality=90,Pittsburgh
Kayla Lane,https://dra9kbpogvft0.cloudfront.net/images/2022/9/20/Lane_Kayla.png?width=80&quality=90,Pittsburgh
Sandra Soltes,https://dra9kbpogvft0.cloudfront.net/images/2022/9/20/Soltes_Sandra.png?width=80&quality=90,Pittsburgh
Dani Drogemuller,https://dra9kbpogvft0.cloudfront.net/images/2022/9/20/Drogemuller_Dani.png?width=80&quality=90,Pittsburgh
Sarah Seamans,https://dra9kbpogvft0.cloudfront.net/images/2022/9/20/Seamans_Sarah.png?width=80&quality=90,Pittsburgh
Ana Hernandez,https://dra9kbpogvft0.cloudfront.net/images/2022/9/20/Hernandez_Ana.png?width=80&quality=90,Pittsburgh
Abby Edwards,https://dra9kbpogvft0.cloudfront.net/images/2022/9/20/Edwards_Abby.png?width=80&quality=90,Pittsburgh
Bailey Drapola,https://dra9kbpogvft0.cloudfront.net/images/2022/9/20/Drapola_Bailey.png?width=80&quality=90,Pittsburgh
Amanda Ramirez,https://dra9kbpogvft0.cloudfront.net/images/2022/9/20/Ramirez_Amanda_Tuta.png?width=80&quality=90,Pittsburgh
Yvonne Whaley,https://dra9kbpogvft0.cloudfront.net/images/2022/9/20/Whaley_Yvonne.png?width=80&quality=90,Pittsburgh
Adriana Romano,https://dra9kbpogvft0.cloudfront.net/images/2022/9/20/Romano_Adriana.png?width=80&quality=90,Pittsburgh
Rachael Fuerst,https://dra9kbpogvft0.cloudfront.net/images/2022/9/20/Fuerst_Rachael.png?width=80&quality=90,Pittsburgh
Kendall Brown,https://dra9kbpogvft0.cloudfront.net/images/2022/9/15/Brown_Kendall_YFSYh.png?width=80&quality=90,Pittsburgh
Yamila Evans,https://images.sidearmdev.com/crop?url=https://d3d4f9a2nwdz4m.cloudfront.net/images/2022/11/29/Yamila_Cropped.png&amp;width=100&amp;height=100&amp;gravity=north&amp;type=webp,Syracuse
Tessa Galipeau,https://images.sidearmdev.com/crop?url=https://d3d4f9a2nwdz4m.cloudfront.net/images/2022/11/29/Tessa_Cropped.png&amp;width=100&amp;height=100&amp;gravity=north&amp;type=webp,Syracuse
Rebecca  Clyde,https://images.sidearmdev.com/crop?url=https://d3d4f9a2nwdz4m.cloudfront.net/images/2022/11/29/Clyde_Cropped.png&amp;width=100&amp;height=100&amp;gravity=north&amp;type=webp,Syracuse
Lauren Vaughn,https://images.sidearmdev.com/crop?url=https://d3d4f9a2nwdz4m.cloudfront.net/images/2022/11/29/Vaughn_Cropped.png&amp;width=100&amp;height=100&amp;gravity=north&amp;type=webp,Syracuse
Peyton Schemmer,https://images.sidearmdev.com/crop?url=https://d3d4f9a2nwdz4m.cloudfront.net/images/2022/11/29/Schemmer_Cropped.png&amp;width=100&amp;height=100&amp;gravity=north&amp;type=webp,Syracuse
Kate Dorazio,https://images.sidearmdev.com/crop?url=https://d3d4f9a2nwdz4m.cloudfront.net/images/2022/11/29/Dorazio_Cropped.png&amp;width=100&amp;height=100&amp;gravity=north&amp;type=webp,Syracuse
Madelyn Lopez,https://images.sidearmdev.com/crop?url=https://d3d4f9a2nwdz4m.cloudfront.net/images/2022/11/29/Lopez_Cropped.png&amp;width=100&amp;height=100&amp;gravity=north&amp;type=webp,Syracuse
Lindsey Hendrix,https://images.sidearmdev.com/crop?url=https://d3d4f9a2nwdz4m.cloudfront.net/images/2022/11/29/Hendrix_Tagged.png&amp;width=100&amp;height=100&amp;gravity=north&amp;type=webp,Syracuse
Angel Jasso,https://images.sidearmdev.com/crop?url=https://d3d4f9a2nwdz4m.cloudfront.net/images/2022/11/29/Angel_Cropped.png&amp;width=100&amp;height=100&amp;gravity=north&amp;type=webp,Syracuse
Laila Alves,https://images.sidearmdev.com/crop?url=https://d3d4f9a2nwdz4m.cloudfront.net/images/2022/11/29/Alves_Cropped_6Wcak.png&amp;width=100&amp;height=100&amp;gravity=north&amp;type=webp,Syracuse
Kelly Breen,https://images.sidearmdev.com/crop?url=https://d3d4f9a2nwdz4m.cloudfront.net/images/2022/11/29/Breen_Cropped.png&amp;width=100&amp;height=100&amp;gravity=north&amp;type=webp,Syracuse
Kaia  Oliver,https://images.sidearmdev.com/crop?url=https://d3d4f9a2nwdz4m.cloudfront.net/images/2022/11/29/Oliver_Tagged.png&amp;width=100&amp;height=100&amp;gravity=north&amp;type=webp,Syracuse
Olivia Pess,https://images.sidearmdev.com/crop?url=https://d3d4f9a2nwdz4m.cloudfront.net/images/2022/11/29/Pess_Cropped.png&amp;width=100&amp;height=100&amp;gravity=north&amp;type=webp,Syracuse
Jackie Pengel,https://images.sidearmdev.com/crop?url=https://d3d4f9a2nwdz4m.cloudfront.net/images/2022/11/29/Pengel_Cropped.png&amp;width=100&amp;height=100&amp;gravity=north&amp;type=webp,Syracuse
Ryan Gallegos,https://images.sidearmdev.com/crop?url=https://d3d4f9a2nwdz4m.cloudfront.net/images/2022/11/29/Ryan_Cropped.png&amp;width=100&amp;height=100&amp;gravity=north&amp;type=webp,Syracuse
Jude Padilla,https://images.sidearmdev.com/crop?url=https://d3d4f9a2nwdz4m.cloudfront.net/images/2022/11/29/Jude_Cropped.png&amp;width=100&amp;height=100&amp;gravity=north&amp;type=webp,Syracuse
Angie Ramos,https://images.sidearmdev.com/crop?url=https://d3d4f9a2nwdz4m.cloudfront.net/images/2022/11/29/Angie_Tagged.png&amp;width=100&amp;height=100&amp;gravity=north&amp;type=webp,Syracuse
Vanessa Flores,https://images.sidearmdev.com/crop?url=https://d3d4f9a2nwdz4m.cloudfront.net/images/2022/11/29/Flores_cropped.png&amp;width=100&amp;height=100&amp;gravity=north&amp;type=webp,Syracuse
Taylor Posner,https://images.sidearmdev.com/crop?url=https://d3d4f9a2nwdz4m.cloudfront.net/images/2022/11/29/Posner_Cropped.png&amp;width=100&amp;height=100&amp;gravity=north&amp;type=webp,Syracuse
Madison Knight,https://images.sidearmdev.com/crop?url=https://d3d4f9a2nwdz4m.cloudfront.net/images/2022/11/29/Knight_Cropped.png&amp;width=100&amp;height=100&amp;gravity=north&amp;type=webp,Syracuse
Ryan Starr,https://images.sidearmdev.com/crop?url=https://d3d4f9a2nwdz4m.cloudfront.net/images/2022/11/29/Starr_Cropped.png&amp;width=100&amp;height=100&amp;gravity=north&amp;type=webp,Syracuse
Trinity Nichols,https://images.sidearmdev.com/crop?url=https://d3d4f9a2nwdz4m.cloudfront.net/images/2022/11/29/Nichols_Cropped.png&amp;width=100&amp;height=100&amp;gravity=north&amp;type=webp,Syracuse
Geana Torres,https://images.sidearmdev.com/crop?url=https://d3d4f9a2nwdz4m.cloudfront.net/images/2022/11/29/Torres_Cropped.png&amp;width=100&amp;height=100&amp;gravity=north&amp;type=webp,Syracuse
Gabby Lantier,https://images.sidearmdev.com/crop?url=https://d3d4f9a2nwdz4m.cloudfront.net/images/2023/1/20/Gabby_HS_Tagged.png&amp;width=100&amp;height=100&amp;gravity=north&amp;type=webp,Syracuse
Kelsey Hackett,https://virginiasports.com/imgproxy/IKJtb6Ne44dWgGCUlfG1g4rEMwydCKkuCG5sbkWcETA/fit/1024/1024/ce/0/aHR0cHM6Ly9zdG9yYWdlLmdvb2dsZWFwaXMuY29tL3Zpcmdpbmlhc3BvcnRzLWNvbS8yMDIyLzA5LzhlZDMyOGEwLWhhY2tldHRfa2Vsc2V5LTIybS13ZWItc2NhbGVkLmpwZw.jpg,Virginia
Kailyn Jones,https://virginiasports.com/imgproxy/LBdsKs-4e7FjARtzUDLG7sj_HWMw9A-BGAxdDpKbe7k/fit/1024/1024/ce/0/aHR0cHM6Ly9zdG9yYWdlLmdvb2dsZWFwaXMuY29tL3Zpcmdpbmlhc3BvcnRzLWNvbS8yMDIxLzA2L2VmODY1NGI0LWpvbmVzX2thaWx5bi1zY2FsZWQuanBn.jpg,Virginia
Courtney Layne,https://virginiasports.com/imgproxy/AQzGF0Re7-IQxaZfJ07sic8aPq4xwBYGNHUoQD27qaY/fit/1024/1024/ce/0/aHR0cHM6Ly9zdG9yYWdlLmdvb2dsZWFwaXMuY29tL3Zpcmdpbmlhc3BvcnRzLWNvbS8yMDIyLzA5Lzc0ZmI4NjlmLWxheW5lX2NvdXJ0bmV5LTIzbS13ZWItc2NhbGVkLmpwZw.jpg,Virginia
Tori Gilbert,https://virginiasports.com/imgproxy/znexdpXv41IyYA-VuZxPRa-ju_zv6tx6AscYp0u3iNE/fit/1024/1024/ce/0/aHR0cHM6Ly9zdG9yYWdlLmdvb2dsZWFwaXMuY29tL3Zpcmdpbmlhc3BvcnRzLWNvbS8yMDIwLzExLzdjNDZiZjZlLWdpbGJlcnRfdG9yaV8yMG0tZTE2MDUxMjYxODc1NjcuanBn.jpg,Virginia
Mikaila Fox,https://virginiasports.com/imgproxy/X_ScuGsrGxrkx8Rl-qDBZMc622vTjdRdos-A6r4st2U/fit/1024/1024/ce/0/aHR0cHM6Ly9zdG9yYWdlLmdvb2dsZWFwaXMuY29tL3Zpcmdpbmlhc3BvcnRzLWNvbS8yMDIwLzExL2E0NDFjZjFlLWZveF9taWthaWxhXzIwbS1lMTYwNTEyNjEwNDk5Ny5qcGc.jpg,Virginia
Jenny Bressler,https://virginiasports.com/imgproxy/0Hq5hnDRHyi9RA-nabuAJs-Sugf4bChJRcIsau6hA_c/fit/1024/1024/ce/0/aHR0cHM6Ly9zdG9yYWdlLmdvb2dsZWFwaXMuY29tL3Zpcmdpbmlhc3BvcnRzLWNvbS8yMDIyLzA5Lzg0MWQwN2M3LWJyZXNzbGVyX2plbm55XzIybS13ZWItc2NhbGVkLmpwZw.jpg,Virginia
Sarah Coon,https://virginiasports.com/imgproxy/RNMXQlZZMyZVii_5FiLKyK5gTkdIiF6zWmLiORZrJjY/fit/1024/1024/ce/0/aHR0cHM6Ly9zdG9yYWdlLmdvb2dsZWFwaXMuY29tL3Zpcmdpbmlhc3BvcnRzLWNvbS8yMDIxLzA2LzgzYzQzMDA5LWNvb25fc2FyYWhfMjFtLmpwZw.jpg,Virginia
Kassidy Hudson,https://virginiasports.com/imgproxy/gzzqgRh8NMlZsirNbOA4ogAd9nwL7uIKtdRExebm4OU/fit/1024/1024/ce/0/aHR0cHM6Ly9zdG9yYWdlLmdvb2dsZWFwaXMuY29tL3Zpcmdpbmlhc3BvcnRzLWNvbS8yMDIyLzA5LzNhNzIwNzlhLWh1ZHNvbl9rYXNzaWR5LTIybS13ZWItc2NhbGVkLmpwZw.jpg,Virginia
Jade Hylton,https://virginiasports.com/imgproxy/hxE90zingx7JGKYbmgyFxQE9Z3hkCwVOEmRvr-VEnkw/fit/1024/1024/ce/0/aHR0cHM6Ly9zdG9yYWdlLmdvb2dsZWFwaXMuY29tL3Zpcmdpbmlhc3BvcnRzLWNvbS8yMDIyLzA5L2QyMjBhN2IxLWhseXRvbl9qYWRlLTIybS13ZWItc2NhbGVkLmpwZw.jpg,Virginia
Abby Weaver,https://virginiasports.com/imgproxy/vEQX04HHmvzZ1xXUNBTvok1j56gh6eamq5inUSSbcX4/fit/1024/1024/ce/0/aHR0cHM6Ly9zdG9yYWdlLmdvb2dsZWFwaXMuY29tL3Zpcmdpbmlhc3BvcnRzLWNvbS8yMDIwLzExLzE2Zjc5MGE5LXdlYXZlcl9hYmJ5XzIwbS1lMTYwNTExMDkzNTM5MC5qcGc.jpg,Virginia
Lauren VanAssche,https://virginiasports.com/imgproxy/IFskLmid8JwwRjqmCKJhFsG9HhdcqXYKkBoc4LL8UGA/fit/1024/1024/ce/0/aHR0cHM6Ly9zdG9yYWdlLmdvb2dsZWFwaXMuY29tL3Zpcmdpbmlhc3BvcnRzLWNvbS8yMDIwLzExL2RlYmExMDY0LXZhbmFzc2NoZV9sYXVyZW5fMjBtLWUxNjA1MTExMDE1OTk4LmpwZw.jpg,Virginia
Madison Harris,https://virginiasports.com/imgproxy/Gylc0mPwGyriearpyJ-9wqlyttrDO-vmFXJP2Nrn6SY/fit/1024/1024/ce/0/aHR0cHM6Ly9zdG9yYWdlLmdvb2dsZWFwaXMuY29tL3Zpcmdpbmlhc3BvcnRzLWNvbS8yMDIwLzExL2VhNmFiNzIxLWhhcnJpc19tYWRpc29uXzIwbS1lMTYwNTExMTE2ODgxNy5qcGc.jpg,Virginia
Eden Bigham,https://virginiasports.com/imgproxy/Mnb_MzWNuZmca4spoqCuGvA7GrGKIQZnVddip-c_sno/fit/1024/1024/ce/0/aHR0cHM6Ly9zdG9yYWdlLmdvb2dsZWFwaXMuY29tL3Zpcmdpbmlhc3BvcnRzLWNvbS8yMDIyLzA5LzAxZWZjNDBiLWJpZ2hhbV9lZGVuLTIybS13ZWItc2NhbGVkLmpwZw.jpg,Virginia
Mary Caroline Eaton,https://virginiasports.com/imgproxy/KPse6MDTH9tJF2vSGtfc3C6cn82EcPq33OTmIO1Fq4c/fit/1024/1024/ce/0/aHR0cHM6Ly9zdG9yYWdlLmdvb2dsZWFwaXMuY29tL3Zpcmdpbmlhc3BvcnRzLWNvbS8yMDIyLzA5LzcxYzJmMDg0LWVhdG9uX21hcnljYXJvbGluZS0yMm0td2ViLXNjYWxlZC5qcGc.jpg,Virginia
Molly Grube,https://virginiasports.com/imgproxy/nipOdCfxZcfJs-mCxLWzB0Wg8kgakLcXYleII2uR6qI/fit/1024/1024/ce/0/aHR0cHM6Ly9zdG9yYWdlLmdvb2dsZWFwaXMuY29tL3Zpcmdpbmlhc3BvcnRzLWNvbS8yMDIwLzExLzQ5M2U2NGJhLWdydWJlX21vbGx5XzIwbS1lMTYwNTExMTk1NjMyMy5qcGc.jpg,Virginia
Mackenzie Wooten,https://virginiasports.com/imgproxy/PSTa9DpqBj1nZtUU_RDd5BtoYGAnSrin4zH34IjtWtc/fit/1024/1024/ce/0/aHR0cHM6Ly9zdG9yYWdlLmdvb2dsZWFwaXMuY29tL3Zpcmdpbmlhc3BvcnRzLWNvbS8yMDIwLzExLzcwMDQyM2Q5LXdvb3Rlbl9tYWNrZW56aWVfMjBtLWUxNjA1MTExODA2MjUxLmpwZw.jpg,Virginia
Shelby Barbee,https://virginiasports.com/imgproxy/5zqvr3jVbCO56OtBi40bFCSJY7R8_erAJxpoZJoXOpw/fit/1024/1024/ce/0/aHR0cHM6Ly9zdG9yYWdlLmdvb2dsZWFwaXMuY29tL3Zpcmdpbmlhc3BvcnRzLWNvbS8yMDIxLzA2L2QxNGYzMGFhLWJhcmJlZV9zaGVsYnlfMjFtLXNjYWxlZC5qcGc.jpg,Virginia
Sydney Hartgrove,https://virginiasports.com/imgproxy/RMZ2q3jeSvg0ZPQ2z5P71fyq1YTWmdLjvl8LugzzMT0/fit/1024/1024/ce/0/aHR0cHM6Ly9zdG9yYWdlLmdvb2dsZWFwaXMuY29tL3Zpcmdpbmlhc3BvcnRzLWNvbS8yMDIxLzA2LzYxYTRkZDI4LWhhcnRncm92ZV9zeWRuZXlfMjFtLXNjYWxlZC5qcGc.jpg,Virginia
Mikayla Houge,https://virginiasports.com/imgproxy/oOYcBPr9l0E2CE9DGXp0h-zDOvhqzKbrzD4n3hcf1xQ/fit/1024/1024/ce/0/aHR0cHM6Ly9zdG9yYWdlLmdvb2dsZWFwaXMuY29tL3Zpcmdpbmlhc3BvcnRzLWNvbS8yMDIwLzExL2RkZTNjYzc1LWhvdWdlX21pa2F5bGFfMjBtLWUxNjA1MTExMDY5NDg2LmpwZw.jpg,Virginia
Savanah Henley,https://virginiasports.com/imgproxy/J-r4N4Fy7OYwJZ-7Is1IzxgkiAlfgLCbvhyvLPJwbDo/fit/1024/1024/ce/0/aHR0cHM6Ly9zdG9yYWdlLmdvb2dsZWFwaXMuY29tL3Zpcmdpbmlhc3BvcnRzLWNvbS8yMDIxLzA2LzgxNDQzZjhjLWhlbmxleV9zYXZhbmFoXzIxbS1zY2FsZWQuanBn.jpg,Virginia
Katie Goldberg,https://virginiasports.com/imgproxy/6XvbS2AwcMtZF6yc9JqxOzNzdCbyZH4M4HI5_Bw5vQ4/fit/1024/1024/ce/0/aHR0cHM6Ly9zdG9yYWdlLmdvb2dsZWFwaXMuY29tL3Zpcmdpbmlhc3BvcnRzLWNvbS8yMDIwLzExLzJjY2JjZTkwLWdvbGRiZXJnX2thdGllXzIwbS1lMTYwNTExMTQxMzgyNS5qcGc.jpg,Virginia
Leah Boggs,https://virginiasports.com/imgproxy/-Lh16Vd64SIXo5ZTjISKJ7jrxzk6PtWZ27WGPuXjOvM/fit/1024/1024/ce/0/aHR0cHM6Ly9zdG9yYWdlLmdvb2dsZWFwaXMuY29tL3Zpcmdpbmlhc3BvcnRzLWNvbS8yMDIwLzExLzgxMmJiZGRmLWJvZ2dzX2xlYWhfMjBtLWUxNjA1MTExMjUzNTkyLmpwZw.jpg,Virginia
Gabby Baylog,https://virginiasports.com/imgproxy/1ZF7-yMxR9kcw_Ykqu3r4SbD7tNqDpnG7VT-t6Trkng/fit/1024/1024/ce/0/aHR0cHM6Ly9zdG9yYWdlLmdvb2dsZWFwaXMuY29tL3Zpcmdpbmlhc3BvcnRzLWNvbS8yMDIxLzAxLzEwMmFiMGNhLWF0N2kwMDI1LWUxNjExNjAzOTk2MjA3LmpwZw.jpg,Virginia
Reece Holbrook,https://virginiasports.com/imgproxy/HIDJqzB6mf56DrTMNz7WYMcggcEeXtZN5ZWotjG8-zg/fit/1024/1024/ce/0/aHR0cHM6Ly9zdG9yYWdlLmdvb2dsZWFwaXMuY29tL3Zpcmdpbmlhc3BvcnRzLWNvbS8yMDIxLzA2LzQ2ZTFiYWZkLWhvbGJyb29rX3JlZWNlXzIxbS1zY2FsZWQuanBn.jpg,Virginia
Kelly Ayer,https://virginiasports.com/imgproxy/nz2y0rr4xpSpD-3XumEdyNTWpzYTuMTGbLKV2obR0RM/fit/1024/1024/ce/0/aHR0cHM6Ly9zdG9yYWdlLmdvb2dsZWFwaXMuY29tL3Zpcmdpbmlhc3BvcnRzLWNvbS8yMDIxLzA2LzFiYjZkMzI5LWF5ZXJfa2VsbHlfMjFtLXNjYWxlZC5qcGc.jpg,Virginia
Kylie Aldridge,https://hokiesports.com/images/2022/9/8/Aldridge_Kylie_23SB_HEAD_46.jpg,Virginia Tech
Jayme Bailey,https://hokiesports.com/images/2022/9/8/Bailey_Jamie_23SB_HEAD_46.jpg,Virginia Tech
Kelsey Bennett,https://hokiesports.com/images/2022/9/8/Bennett_Kelsey_23SB_HEAD_46.jpg,Virginia Tech
Kelsey Brown,https://hokiesports.com/images/2022/9/8/Brown_Kelly_23SB_HEAD_46.jpg,Virginia Tech
Rachel Castine,https://hokiesports.com/images/2022/9/8/Castine_Rachel_23SB_HEAD_46.jpg,Virginia Tech
Grace Chavez,https://hokiesports.com/images/2022/9/8/Chavez_Grace_23SB_HEAD_46.jpg,Virginia Tech
Cameron Fagan,https://hokiesports.com/images/2022/9/8/Fagan_Cam_23SB_HEAD_46.jpg,Virginia Tech
Megan Furr,https://hokiesports.com/images/2022/9/8/Furr_Megan_23SB_HEAD_46.jpg,Virginia Tech
Addy Greene,https://hokiesports.com/images/2022/9/8/Greene_Addy_23SB_HEAD_46.jpg,Virginia Tech
Lyndsey Grein,https://hokiesports.com/images/2022/9/8/Grein_Lyndsey_23SB_HEAD_46.jpg,Virginia Tech
Madison Hanson,https://hokiesports.com/images/2022/9/8/Hanson_Madison_23SB_HEAD_46.jpg,Virginia Tech
Shanan Hester,https://hokiesports.com/images/2022/9/8/Hester_Shanan_23SB_HEAD_46.jpg,Virginia Tech
Emma Jackson,https://hokiesports.com/images/2022/9/8/Jackson_Emma_23SB_HEAD_46.jpg,Virginia Tech
Molly Jacobson,https://hokiesports.com/images/2022/9/8/Jacobson_Molly_23SB_HEAD_46.jpg,Virginia Tech
Emma Lemley,https://hokiesports.com/images/2022/9/8/Lemley_Emma_23SB_HEAD_46.jpg,Virginia Tech
Payton List,https://hokiesports.com/images/2022/9/8/List_Payton_23SB_HEAD_46.jpg,Virginia Tech
Maija Louko,https://hokiesports.com/images/2022/9/8/Louko_Maija_23SB_HEAD_46.jpg,Virginia Tech
Trinity Martin,https://hokiesports.com/images/2022/9/8/Martin_Trinity_23SB_HEAD_46.jpg,Virginia Tech
Morgan Overaitis,https://hokiesports.com/images/2022/9/8/Overaitis_Morgan_23SB_HEAD_46.jpg,Virginia Tech
Jenna Pearson,https://hokiesports.com/images/2022/9/8/Pearson_Jenna_23SB_HEAD_46.jpg,Virginia Tech
Bre Peck,https://hokiesports.com/images/2022/9/8/Peck_Bre_23SB_HEAD_46.jpg,Virginia Tech
Emma Ritter,https://hokiesports.com/images/2022/9/8/Ritter_Emma_23SB_HEAD_46.jpg,Virginia Tech
